
[
  {
    "id": "R1",
    "name": "Core Router (Truth)",
    "type": "Router",
    "symbol": "Truth",
    "config": "hostname R1-Core\ninterface Gig0/0\n ip address 10.0.0.1 255.255.255.252\nrouter ospf 1"
  },
  {
    "id": "FW1",
    "name": "Firewall (Gate of Truth)",
    "type": "Firewall",
    "symbol": "Gate",
    "config": "access-list 100 permit ip 192.168.0.0 0.0.255.255 any"
  },
  {
    "id": "DSW1",
    "name": "Distribution Switch – Human",
    "type": "L3 Switch",
    "symbol": "Human",
    "config": "ip routing\nvlan 10\ninterface vlan 10\n ip address 192.168.10.1 255.255.255.0"
  },
  {
    "id": "DSW2",
    "name": "Distribution Switch – Soul",
    "type": "L3 Switch",
    "symbol": "Soul",
    "config": "ip routing\nvlan 20\ninterface vlan 20\n ip address 192.168.20.1 255.255.255.0"
  },
  {
    "id": "DSW3",
    "name": "Distribution Switch – Mind",
    "type": "L3 Switch",
    "symbol": "Mind",
    "config": "ip routing\nvlan 30\ninterface vlan 30\n ip address 192.168.30.1 255.255.255.0"
  }
]
